{
  "p4": {
    "arm":{
      "elevation":{"pos": 0.00000, "set-pos": 0.00000},
      "yaw1":{"pos": 0.00000},
      "yaw2":{"pos": 0.00000},
      "yaw3":{"pos": 0.00000},
      "yaw4":{"pos": 0.00000},
      "roll":{"pos": 0.00000}
    },
    "hand":{
      "roll":{"pos": 0.00000, "set-pos": 0.00000},
      "pitch":{"pos": 0.00000, "set-pos": 0.00000}
    },
    "instrument":{
      "jaw-left":{"pos": 0.00000, "set-pos": 0.00000},
      "jaw-right":{"pos": 0.00000, "set-pos": 0.00000},
      "pitch":{"pos": 0.00000, "set-pos": 0.00000},
      "roll":{"pos": 0.00000, "set-pos": 0.00000}
    }
  }
}
